layout_id,src_id,dst_id,edge_type,contact_axis,gap_m,shared_span_m,physical_floor
BB_02,0,3,bbox_spatial_adjacency,y,0.2,1.7848,0
BB_02,0,6,bbox_spatial_adjacency,x,0.2,1.65,0
BB_02,0,362,bbox_spatial_adjacency,y,0.2,1.7848,0
BB_02,1,4,bbox_spatial_adjacency,y,0.2,1.7848,1
BB_02,1,7,bbox_spatial_adjacency,x,0.2,1.65,1
BB_02,1,364,bbox_spatial_adjacency,y,0.2,1.7848,1
BB_02,2,5,bbox_spatial_adjacency,y,0.2,1.7848,2
BB_02,2,8,bbox_spatial_adjacency,x,0.2,1.65,2
BB_02,2,367,bbox_spatial_adjacency,y,0.2,1.7848,2
BB_02,3,6,bbox_spatial_adjacency,x,0.2,2.95,0
BB_02,4,7,bbox_spatial_adjacency,x,0.2,2.95,1
BB_02,5,8,bbox_spatial_adjacency,x,0.2,2.95,2
BB_02,6,9,bbox_spatial_adjacency,x,0.2,0.74,0
BB_02,6,12,bbox_spatial_adjacency,x,0.2,1.88,0
BB_02,6,15,bbox_spatial_adjacency,x,0.2,1.78,0
BB_02,6,362,bbox_spatial_adjacency,y,0.2,0.8424,0
BB_02,7,10,bbox_spatial_adjacency,x,0.2,0.74,1
BB_02,7,13,bbox_spatial_adjacency,x,0.2,1.88,1
BB_02,7,16,bbox_spatial_adjacency,x,0.2,1.78,1
BB_02,7,364,bbox_spatial_adjacency,y,0.2,0.8424,1
BB_02,8,11,bbox_spatial_adjacency,x,0.2,0.74,2
BB_02,8,14,bbox_spatial_adjacency,x,0.2,1.88,2
BB_02,8,17,bbox_spatial_adjacency,x,0.2,1.78,2
BB_02,8,367,bbox_spatial_adjacency,y,0.2,0.8424,2
BB_02,9,12,bbox_spatial_adjacency,y,0.2,2.4061,0
BB_02,9,30,bbox_spatial_adjacency,x,0.2,0.74,0
BB_02,9,362,bbox_spatial_adjacency,y,0.2,2.4061,0
BB_02,10,13,bbox_spatial_adjacency,y,0.2,2.4061,1
BB_02,10,31,bbox_spatial_adjacency,x,0.2,0.74,1
BB_02,10,364,bbox_spatial_adjacency,y,0.2,2.4061,1
BB_02,11,14,bbox_spatial_adjacency,y,0.2,2.4061,2
BB_02,11,32,bbox_spatial_adjacency,x,0.2,0.74,2
BB_02,11,367,bbox_spatial_adjacency,y,0.2,2.4061,2
BB_02,12,15,bbox_spatial_adjacency,y,0.2,2.4061,0
BB_02,12,30,bbox_spatial_adjacency,x,0.2,0.9886,0
BB_02,12,33,bbox_spatial_adjacency,x,0.2,0.6914,0
BB_02,13,16,bbox_spatial_adjacency,y,0.2,2.4061,1
BB_02,13,31,bbox_spatial_adjacency,x,0.2,0.9886,1
BB_02,13,34,bbox_spatial_adjacency,x,0.2,0.6914,1
BB_02,14,17,bbox_spatial_adjacency,y,0.2,2.4061,2
BB_02,14,32,bbox_spatial_adjacency,x,0.2,0.9886,2
BB_02,14,35,bbox_spatial_adjacency,x,0.2,0.6914,2
BB_02,15,33,bbox_spatial_adjacency,x,0.2,1.78,0
BB_02,16,34,bbox_spatial_adjacency,x,0.2,1.78,1
BB_02,17,35,bbox_spatial_adjacency,x,0.2,1.78,2
BB_02,18,21,bbox_spatial_adjacency,y,0.2,1.2926,0
BB_02,18,24,bbox_spatial_adjacency,x,0.2,1.9286,0
BB_02,18,362,bbox_spatial_adjacency,y,0.2,1.2926,0
BB_02,19,22,bbox_spatial_adjacency,y,0.2,1.2926,1
BB_02,19,25,bbox_spatial_adjacency,x,0.2,1.9286,1
BB_02,19,364,bbox_spatial_adjacency,y,0.2,1.2926,1
BB_02,20,23,bbox_spatial_adjacency,y,0.2,1.2926,2
BB_02,20,26,bbox_spatial_adjacency,x,0.2,1.9286,2
BB_02,20,367,bbox_spatial_adjacency,y,0.2,1.2926,2
BB_02,21,24,bbox_spatial_adjacency,x,0.2,2.6714,0
BB_02,22,25,bbox_spatial_adjacency,x,0.2,2.6714,1
BB_02,23,26,bbox_spatial_adjacency,x,0.2,2.6714,2
BB_02,24,27,bbox_spatial_adjacency,x,0.2,4.8,0
BB_02,24,362,bbox_spatial_adjacency,y,0.2,0.7556,0
BB_02,25,28,bbox_spatial_adjacency,x,0.2,4.8,1
BB_02,25,364,bbox_spatial_adjacency,y,0.2,0.7556,1
BB_02,26,29,bbox_spatial_adjacency,x,0.2,4.8,2
BB_02,26,367,bbox_spatial_adjacency,y,0.2,0.7556,2
BB_02,27,42,bbox_spatial_adjacency,x,0.2,1.65,0
BB_02,27,45,bbox_spatial_adjacency,x,0.2,2.95,0
BB_02,27,362,bbox_spatial_adjacency,y,0.2,2.9852,0
BB_02,28,43,bbox_spatial_adjacency,x,0.2,1.65,1
BB_02,28,46,bbox_spatial_adjacency,x,0.2,2.95,1
BB_02,28,364,bbox_spatial_adjacency,y,0.2,2.9852,1
BB_02,29,44,bbox_spatial_adjacency,x,0.2,1.65,2
BB_02,29,47,bbox_spatial_adjacency,x,0.2,2.95,2
BB_02,29,367,bbox_spatial_adjacency,y,0.2,2.9852,2
BB_02,30,33,bbox_spatial_adjacency,y,0.2,1.3926,0
BB_02,30,36,bbox_spatial_adjacency,x,0.2,1.9286,0
BB_02,30,362,bbox_spatial_adjacency,y,0.2,1.3926,0
BB_02,31,34,bbox_spatial_adjacency,y,0.2,1.3926,1
BB_02,31,37,bbox_spatial_adjacency,x,0.2,1.9286,1
BB_02,31,364,bbox_spatial_adjacency,y,0.2,1.3926,1
BB_02,32,35,bbox_spatial_adjacency,y,0.2,1.3926,2
BB_02,32,38,bbox_spatial_adjacency,x,0.2,1.9286,2
BB_02,32,367,bbox_spatial_adjacency,y,0.2,1.3926,2
BB_02,33,36,bbox_spatial_adjacency,x,0.2,2.6714,0
BB_02,34,37,bbox_spatial_adjacency,x,0.2,2.6714,1
BB_02,35,38,bbox_spatial_adjacency,x,0.2,2.6714,2
BB_02,36,39,bbox_spatial_adjacency,x,0.2,4.8,0
BB_02,36,362,bbox_spatial_adjacency,y,0.2,0.7556,0
BB_02,37,40,bbox_spatial_adjacency,x,0.2,4.8,1
BB_02,37,364,bbox_spatial_adjacency,y,0.2,0.7556,1
BB_02,38,41,bbox_spatial_adjacency,x,0.2,4.8,2
BB_02,38,367,bbox_spatial_adjacency,y,0.2,0.7556,2
BB_02,39,57,bbox_spatial_adjacency,x,0.2,1.65,0
BB_02,39,60,bbox_spatial_adjacency,x,0.2,2.95,0
BB_02,39,362,bbox_spatial_adjacency,y,0.2,2.9852,0
BB_02,40,58,bbox_spatial_adjacency,x,0.2,1.65,1
BB_02,40,61,bbox_spatial_adjacency,x,0.2,2.95,1
BB_02,40,364,bbox_spatial_adjacency,y,0.2,2.9852,1
BB_02,41,59,bbox_spatial_adjacency,x,0.2,1.65,2
BB_02,41,62,bbox_spatial_adjacency,x,0.2,2.95,2
BB_02,41,367,bbox_spatial_adjacency,y,0.2,2.9852,2
BB_02,42,45,bbox_spatial_adjacency,y,0.2,1.8848,0
BB_02,42,48,bbox_spatial_adjacency,x,0.2,1.65,0
BB_02,42,362,bbox_spatial_adjacency,y,0.2,1.8848,0
BB_02,43,46,bbox_spatial_adjacency,y,0.2,1.8848,1
BB_02,43,49,bbox_spatial_adjacency,x,0.2,1.65,1
BB_02,43,364,bbox_spatial_adjacency,y,0.2,1.8848,1
BB_02,44,47,bbox_spatial_adjacency,y,0.2,1.8848,2
BB_02,44,50,bbox_spatial_adjacency,x,0.2,1.65,2
BB_02,44,367,bbox_spatial_adjacency,y,0.2,1.8848,2
BB_02,45,48,bbox_spatial_adjacency,x,0.2,2.95,0
BB_02,46,49,bbox_spatial_adjacency,x,0.2,2.95,1
BB_02,47,50,bbox_spatial_adjacency,x,0.2,2.95,2
BB_02,48,51,bbox_spatial_adjacency,x,0.2,1.65,0
BB_02,48,54,bbox_spatial_adjacency,x,0.2,2.95,0
BB_02,48,362,bbox_spatial_adjacency,y,0.2,0.8424,0
BB_02,49,52,bbox_spatial_adjacency,x,0.2,1.65,1
BB_02,49,55,bbox_spatial_adjacency,x,0.2,2.95,1
BB_02,49,364,bbox_spatial_adjacency,y,0.2,0.8424,1
BB_02,50,53,bbox_spatial_adjacency,x,0.2,1.65,2
BB_02,50,56,bbox_spatial_adjacency,x,0.2,2.95,2
BB_02,50,367,bbox_spatial_adjacency,y,0.2,0.8424,2
BB_02,51,54,bbox_spatial_adjacency,y,0.2,2.4061,0
BB_02,51,72,bbox_spatial_adjacency,x,0.2,1.65,0
BB_02,51,362,bbox_spatial_adjacency,y,0.2,2.4061,0
BB_02,52,55,bbox_spatial_adjacency,y,0.2,2.4061,1
BB_02,52,73,bbox_spatial_adjacency,x,0.2,1.65,1
BB_02,52,364,bbox_spatial_adjacency,y,0.2,2.4061,1
BB_02,53,56,bbox_spatial_adjacency,y,0.2,2.4061,2
BB_02,53,74,bbox_spatial_adjacency,x,0.2,1.65,2
BB_02,53,367,bbox_spatial_adjacency,y,0.2,2.4061,2
BB_02,54,75,bbox_spatial_adjacency,x,0.2,2.95,0
BB_02,55,76,bbox_spatial_adjacency,x,0.2,2.95,1
BB_02,56,77,bbox_spatial_adjacency,x,0.2,2.95,2
BB_02,57,60,bbox_spatial_adjacency,y,0.2,1.8848,0
BB_02,57,63,bbox_spatial_adjacency,x,0.2,1.65,0
BB_02,57,362,bbox_spatial_adjacency,y,0.2,1.8848,0
BB_02,58,61,bbox_spatial_adjacency,y,0.2,1.8848,1
BB_02,58,64,bbox_spatial_adjacency,x,0.2,1.65,1
BB_02,58,364,bbox_spatial_adjacency,y,0.2,1.8848,1
BB_02,59,62,bbox_spatial_adjacency,y,0.2,1.8848,2
BB_02,59,65,bbox_spatial_adjacency,x,0.2,1.65,2
BB_02,59,367,bbox_spatial_adjacency,y,0.2,1.8848,2
BB_02,60,63,bbox_spatial_adjacency,x,0.2,2.95,0
BB_02,61,64,bbox_spatial_adjacency,x,0.2,2.95,1
BB_02,62,65,bbox_spatial_adjacency,x,0.2,2.95,2
BB_02,63,66,bbox_spatial_adjacency,x,0.2,1.65,0
BB_02,63,69,bbox_spatial_adjacency,x,0.2,2.95,0
BB_02,63,362,bbox_spatial_adjacency,y,0.2,0.8424,0
BB_02,64,67,bbox_spatial_adjacency,x,0.2,1.65,1
BB_02,64,70,bbox_spatial_adjacency,x,0.2,2.95,1
BB_02,64,364,bbox_spatial_adjacency,y,0.2,0.8424,1
BB_02,65,68,bbox_spatial_adjacency,x,0.2,1.65,2
BB_02,65,71,bbox_spatial_adjacency,x,0.2,2.95,2
BB_02,65,367,bbox_spatial_adjacency,y,0.2,0.8424,2
BB_02,66,69,bbox_spatial_adjacency,y,0.2,2.4061,0
BB_02,66,360,bbox_spatial_adjacency,x,0.1,1.65,0
BB_02,66,362,bbox_spatial_adjacency,y,0.2,2.4061,0
BB_02,67,70,bbox_spatial_adjacency,y,0.2,2.4061,1
BB_02,67,361,bbox_spatial_adjacency,x,0.1,1.65,1
BB_02,67,364,bbox_spatial_adjacency,y,0.2,2.4061,1
BB_02,68,71,bbox_spatial_adjacency,y,0.2,2.4061,2
BB_02,68,366,bbox_spatial_adjacency,x,0.1,1.65,2
BB_02,68,367,bbox_spatial_adjacency,y,0.2,2.4061,2
BB_02,69,360,bbox_spatial_adjacency,x,0.1,2.95,0
BB_02,70,361,bbox_spatial_adjacency,x,0.1,2.95,1
BB_02,71,366,bbox_spatial_adjacency,x,0.1,2.95,2
BB_02,72,75,bbox_spatial_adjacency,y,0.2,1.8848,0
BB_02,72,78,bbox_spatial_adjacency,x,0.2,1.65,0
BB_02,72,362,bbox_spatial_adjacency,y,0.2,1.8848,0
BB_02,73,76,bbox_spatial_adjacency,y,0.2,1.8848,1
BB_02,73,79,bbox_spatial_adjacency,x,0.2,1.65,1
BB_02,73,364,bbox_spatial_adjacency,y,0.2,1.8848,1
BB_02,74,77,bbox_spatial_adjacency,y,0.2,1.8848,2
BB_02,74,80,bbox_spatial_adjacency,x,0.2,1.65,2
BB_02,74,367,bbox_spatial_adjacency,y,0.2,1.8848,2
BB_02,75,78,bbox_spatial_adjacency,x,0.2,2.95,0
BB_02,76,79,bbox_spatial_adjacency,x,0.2,2.95,1
BB_02,77,80,bbox_spatial_adjacency,x,0.2,2.95,2
BB_02,78,81,bbox_spatial_adjacency,x,0.2,0.74,0
BB_02,78,84,bbox_spatial_adjacency,x,0.2,1.88,0
BB_02,78,87,bbox_spatial_adjacency,x,0.2,1.78,0
BB_02,78,362,bbox_spatial_adjacency,y,0.2,0.8424,0
BB_02,79,82,bbox_spatial_adjacency,x,0.2,0.74,1
BB_02,79,85,bbox_spatial_adjacency,x,0.2,1.88,1
BB_02,79,88,bbox_spatial_adjacency,x,0.2,1.78,1
BB_02,79,364,bbox_spatial_adjacency,y,0.2,0.8424,1
BB_02,80,83,bbox_spatial_adjacency,x,0.2,0.74,2
BB_02,80,86,bbox_spatial_adjacency,x,0.2,1.88,2
BB_02,80,89,bbox_spatial_adjacency,x,0.2,1.78,2
BB_02,80,367,bbox_spatial_adjacency,y,0.2,0.8424,2
BB_02,81,84,bbox_spatial_adjacency,y,0.2,2.4061,0
BB_02,81,360,bbox_spatial_adjacency,x,0.1,0.74,0
BB_02,81,362,bbox_spatial_adjacency,y,0.2,2.4061,0
BB_02,82,85,bbox_spatial_adjacency,y,0.2,2.4061,1
BB_02,82,361,bbox_spatial_adjacency,x,0.1,0.74,1
BB_02,82,364,bbox_spatial_adjacency,y,0.2,2.4061,1
BB_02,83,86,bbox_spatial_adjacency,y,0.2,2.4061,2
BB_02,83,366,bbox_spatial_adjacency,x,0.1,0.74,2
BB_02,83,367,bbox_spatial_adjacency,y,0.2,2.4061,2
BB_02,84,87,bbox_spatial_adjacency,y,0.2,2.4061,0
BB_02,84,360,bbox_spatial_adjacency,x,0.1,1.88,0
BB_02,85,88,bbox_spatial_adjacency,y,0.2,2.4061,1
BB_02,85,361,bbox_spatial_adjacency,x,0.1,1.88,1
BB_02,86,89,bbox_spatial_adjacency,y,0.2,2.4061,2
BB_02,86,366,bbox_spatial_adjacency,x,0.1,1.88,2
BB_02,87,360,bbox_spatial_adjacency,x,0.1,1.78,0
BB_02,87,378,bbox_spatial_adjacency,y,0.2,2.4061,0
BB_02,88,361,bbox_spatial_adjacency,x,0.1,1.78,1
BB_02,88,379,bbox_spatial_adjacency,y,0.2,2.4061,1
BB_02,89,366,bbox_spatial_adjacency,x,0.1,1.78,2
BB_02,89,380,bbox_spatial_adjacency,y,0.2,2.4061,2
BB_02,90,93,bbox_spatial_adjacency,y,0.2,1.8848,0
BB_02,90,96,bbox_spatial_adjacency,x,0.2,1.65,0
BB_02,90,360,bbox_spatial_adjacency,x,0.1,1.65,0
BB_02,90,363,bbox_spatial_adjacency,y,0.2,1.8848,0
BB_02,91,94,bbox_spatial_adjacency,y,0.2,1.8848,1
BB_02,91,97,bbox_spatial_adjacency,x,0.2,1.65,1
BB_02,91,361,bbox_spatial_adjacency,x,0.1,1.65,1
BB_02,91,365,bbox_spatial_adjacency,y,0.2,1.8848,1
BB_02,92,95,bbox_spatial_adjacency,y,0.2,1.8848,2
BB_02,92,98,bbox_spatial_adjacency,x,0.2,1.65,2
BB_02,92,366,bbox_spatial_adjacency,x,0.1,1.65,2
BB_02,92,368,bbox_spatial_adjacency,y,0.2,1.8848,2
BB_02,93,96,bbox_spatial_adjacency,x,0.2,2.95,0
BB_02,93,360,bbox_spatial_adjacency,x,0.1,2.95,0
BB_02,94,97,bbox_spatial_adjacency,x,0.2,2.95,1
BB_02,94,361,bbox_spatial_adjacency,x,0.1,2.95,1
BB_02,95,98,bbox_spatial_adjacency,x,0.2,2.95,2
BB_02,95,366,bbox_spatial_adjacency,x,0.1,2.95,2
BB_02,96,99,bbox_spatial_adjacency,x,0.2,0.74,0
BB_02,96,102,bbox_spatial_adjacency,x,0.2,1.88,0
BB_02,96,105,bbox_spatial_adjacency,x,0.2,1.78,0
BB_02,96,363,bbox_spatial_adjacency,y,0.2,0.8424,0
BB_02,97,100,bbox_spatial_adjacency,x,0.2,0.74,1
BB_02,97,103,bbox_spatial_adjacency,x,0.2,1.88,1
BB_02,97,106,bbox_spatial_adjacency,x,0.2,1.78,1
BB_02,97,365,bbox_spatial_adjacency,y,0.2,0.8424,1
BB_02,98,101,bbox_spatial_adjacency,x,0.2,0.74,2
BB_02,98,104,bbox_spatial_adjacency,x,0.2,1.88,2
BB_02,98,107,bbox_spatial_adjacency,x,0.2,1.78,2
BB_02,98,368,bbox_spatial_adjacency,y,0.2,0.8424,2
BB_02,99,102,bbox_spatial_adjacency,y,0.2,2.4061,0
BB_02,99,120,bbox_spatial_adjacency,x,0.2,0.74,0
BB_02,99,363,bbox_spatial_adjacency,y,0.2,2.4061,0
BB_02,100,103,bbox_spatial_adjacency,y,0.2,2.4061,1
BB_02,100,121,bbox_spatial_adjacency,x,0.2,0.74,1
BB_02,100,365,bbox_spatial_adjacency,y,0.2,2.4061,1
BB_02,101,104,bbox_spatial_adjacency,y,0.2,2.4061,2
BB_02,101,122,bbox_spatial_adjacency,x,0.2,0.74,2
BB_02,101,368,bbox_spatial_adjacency,y,0.2,2.4061,2
BB_02,102,105,bbox_spatial_adjacency,y,0.2,2.4061,0
BB_02,102,120,bbox_spatial_adjacency,x,0.2,0.9886,0
BB_02,102,123,bbox_spatial_adjacency,x,0.2,0.6914,0
BB_02,103,106,bbox_spatial_adjacency,y,0.2,2.4061,1
BB_02,103,121,bbox_spatial_adjacency,x,0.2,0.9886,1
BB_02,103,124,bbox_spatial_adjacency,x,0.2,0.6914,1
BB_02,104,107,bbox_spatial_adjacency,y,0.2,2.4061,2
BB_02,104,122,bbox_spatial_adjacency,x,0.2,0.9886,2
BB_02,104,125,bbox_spatial_adjacency,x,0.2,0.6914,2
BB_02,105,123,bbox_spatial_adjacency,x,0.2,1.78,0
BB_02,106,124,bbox_spatial_adjacency,x,0.2,1.78,1
BB_02,107,125,bbox_spatial_adjacency,x,0.2,1.78,2
BB_02,108,111,bbox_spatial_adjacency,y,0.2,1.3926,0
BB_02,108,114,bbox_spatial_adjacency,x,0.2,1.9286,0
BB_02,108,360,bbox_spatial_adjacency,x,0.1,1.9286,0
BB_02,108,363,bbox_spatial_adjacency,y,0.2,1.3926,0
BB_02,109,112,bbox_spatial_adjacency,y,0.2,1.3926,1
BB_02,109,115,bbox_spatial_adjacency,x,0.2,1.9286,1
BB_02,109,361,bbox_spatial_adjacency,x,0.1,1.9286,1
BB_02,109,365,bbox_spatial_adjacency,y,0.2,1.3926,1
BB_02,110,113,bbox_spatial_adjacency,y,0.2,1.3926,2
BB_02,110,116,bbox_spatial_adjacency,x,0.2,1.9286,2
BB_02,110,366,bbox_spatial_adjacency,x,0.1,1.9286,2
BB_02,110,368,bbox_spatial_adjacency,y,0.2,1.3926,2
BB_02,111,114,bbox_spatial_adjacency,x,0.2,2.6714,0
BB_02,111,360,bbox_spatial_adjacency,x,0.1,2.6714,0
BB_02,111,378,bbox_spatial_adjacency,y,0.2,1.3926,0
BB_02,112,115,bbox_spatial_adjacency,x,0.2,2.6714,1
BB_02,112,361,bbox_spatial_adjacency,x,0.1,2.6714,1
BB_02,112,379,bbox_spatial_adjacency,y,0.2,1.3926,1
BB_02,113,116,bbox_spatial_adjacency,x,0.2,2.6714,2
BB_02,113,366,bbox_spatial_adjacency,x,0.1,2.6714,2
BB_02,113,380,bbox_spatial_adjacency,y,0.2,1.3926,2
BB_02,114,117,bbox_spatial_adjacency,x,0.2,4.8,0
BB_02,114,363,bbox_spatial_adjacency,y,0.2,0.7556,0
BB_02,114,378,bbox_spatial_adjacency,y,0.2,0.7556,0
BB_02,115,118,bbox_spatial_adjacency,x,0.2,4.8,1
BB_02,115,365,bbox_spatial_adjacency,y,0.2,0.7556,1
BB_02,115,379,bbox_spatial_adjacency,y,0.2,0.7556,1
BB_02,116,119,bbox_spatial_adjacency,x,0.2,4.8,2
BB_02,116,368,bbox_spatial_adjacency,y,0.2,0.7556,2
BB_02,116,380,bbox_spatial_adjacency,y,0.2,0.7556,2
BB_02,117,132,bbox_spatial_adjacency,x,0.2,1.65,0
BB_02,117,135,bbox_spatial_adjacency,x,0.2,2.95,0
BB_02,117,363,bbox_spatial_adjacency,y,0.2,2.9852,0
BB_02,118,133,bbox_spatial_adjacency,x,0.2,1.65,1
BB_02,118,136,bbox_spatial_adjacency,x,0.2,2.95,1
BB_02,118,365,bbox_spatial_adjacency,y,0.2,2.9852,1
BB_02,119,134,bbox_spatial_adjacency,x,0.2,1.65,2
BB_02,119,137,bbox_spatial_adjacency,x,0.2,2.95,2
BB_02,119,368,bbox_spatial_adjacency,y,0.2,2.9852,2
BB_02,120,123,bbox_spatial_adjacency,y,0.2,1.3926,0
BB_02,120,126,bbox_spatial_adjacency,x,0.2,1.9286,0
BB_02,120,363,bbox_spatial_adjacency,y,0.2,1.3926,0
BB_02,121,124,bbox_spatial_adjacency,y,0.2,1.3926,1
BB_02,121,127,bbox_spatial_adjacency,x,0.2,1.9286,1
BB_02,121,365,bbox_spatial_adjacency,y,0.2,1.3926,1
BB_02,122,125,bbox_spatial_adjacency,y,0.2,1.3926,2
BB_02,122,128,bbox_spatial_adjacency,x,0.2,1.9286,2
BB_02,122,368,bbox_spatial_adjacency,y,0.2,1.3926,2
BB_02,123,126,bbox_spatial_adjacency,x,0.2,2.6714,0
BB_02,124,127,bbox_spatial_adjacency,x,0.2,2.6714,1
BB_02,125,128,bbox_spatial_adjacency,x,0.2,2.6714,2
BB_02,126,129,bbox_spatial_adjacency,x,0.2,4.8,0
BB_02,126,363,bbox_spatial_adjacency,y,0.2,0.7556,0
BB_02,127,130,bbox_spatial_adjacency,x,0.2,4.8,1
BB_02,127,365,bbox_spatial_adjacency,y,0.2,0.7556,1
BB_02,128,131,bbox_spatial_adjacency,x,0.2,4.8,2
BB_02,128,368,bbox_spatial_adjacency,y,0.2,0.7556,2
BB_02,129,147,bbox_spatial_adjacency,x,0.2,1.65,0
BB_02,129,150,bbox_spatial_adjacency,x,0.2,2.95,0
BB_02,129,363,bbox_spatial_adjacency,y,0.2,2.9852,0
BB_02,130,148,bbox_spatial_adjacency,x,0.2,1.65,1
BB_02,130,151,bbox_spatial_adjacency,x,0.2,2.95,1
BB_02,130,365,bbox_spatial_adjacency,y,0.2,2.9852,1
BB_02,131,149,bbox_spatial_adjacency,x,0.2,1.65,2
BB_02,131,152,bbox_spatial_adjacency,x,0.2,2.95,2
BB_02,131,368,bbox_spatial_adjacency,y,0.2,2.9852,2
BB_02,132,135,bbox_spatial_adjacency,y,0.2,1.8849,0
BB_02,132,138,bbox_spatial_adjacency,x,0.2,1.65,0
BB_02,132,363,bbox_spatial_adjacency,y,0.2,1.8849,0
BB_02,133,136,bbox_spatial_adjacency,y,0.2,1.8849,1
BB_02,133,139,bbox_spatial_adjacency,x,0.2,1.65,1
BB_02,133,365,bbox_spatial_adjacency,y,0.2,1.8849,1
BB_02,134,137,bbox_spatial_adjacency,y,0.2,1.8849,2
BB_02,134,140,bbox_spatial_adjacency,x,0.2,1.65,2
BB_02,134,368,bbox_spatial_adjacency,y,0.2,1.8849,2
BB_02,135,138,bbox_spatial_adjacency,x,0.2,2.95,0
BB_02,136,139,bbox_spatial_adjacency,x,0.2,2.95,1
BB_02,137,140,bbox_spatial_adjacency,x,0.2,2.95,2
BB_02,138,141,bbox_spatial_adjacency,x,0.2,1.65,0
BB_02,138,144,bbox_spatial_adjacency,x,0.2,2.95,0
BB_02,138,363,bbox_spatial_adjacency,y,0.2,0.8424,0
BB_02,139,142,bbox_spatial_adjacency,x,0.2,1.65,1
BB_02,139,145,bbox_spatial_adjacency,x,0.2,2.95,1
BB_02,139,365,bbox_spatial_adjacency,y,0.2,0.8424,1
BB_02,140,143,bbox_spatial_adjacency,x,0.2,1.65,2
BB_02,140,146,bbox_spatial_adjacency,x,0.2,2.95,2
BB_02,140,368,bbox_spatial_adjacency,y,0.2,0.8424,2
BB_02,141,144,bbox_spatial_adjacency,y,0.2,2.4061,0
BB_02,141,162,bbox_spatial_adjacency,x,0.2,1.65,0
BB_02,141,363,bbox_spatial_adjacency,y,0.2,2.4061,0
BB_02,142,145,bbox_spatial_adjacency,y,0.2,2.4061,1
BB_02,142,163,bbox_spatial_adjacency,x,0.2,1.65,1
BB_02,142,365,bbox_spatial_adjacency,y,0.2,2.4061,1
BB_02,143,146,bbox_spatial_adjacency,y,0.2,2.4061,2
BB_02,143,164,bbox_spatial_adjacency,x,0.2,1.65,2
BB_02,143,368,bbox_spatial_adjacency,y,0.2,2.4061,2
BB_02,144,165,bbox_spatial_adjacency,x,0.2,2.95,0
BB_02,145,166,bbox_spatial_adjacency,x,0.2,2.95,1
BB_02,146,167,bbox_spatial_adjacency,x,0.2,2.95,2
BB_02,147,150,bbox_spatial_adjacency,y,0.2,1.8848,0
BB_02,147,153,bbox_spatial_adjacency,x,0.2,1.65,0
BB_02,147,363,bbox_spatial_adjacency,y,0.2,1.8848,0
BB_02,148,151,bbox_spatial_adjacency,y,0.2,1.8848,1
BB_02,148,154,bbox_spatial_adjacency,x,0.2,1.65,1
BB_02,148,365,bbox_spatial_adjacency,y,0.2,1.8848,1
BB_02,149,152,bbox_spatial_adjacency,y,0.2,1.8848,2
BB_02,149,155,bbox_spatial_adjacency,x,0.2,1.65,2
BB_02,149,368,bbox_spatial_adjacency,y,0.2,1.8848,2
BB_02,150,153,bbox_spatial_adjacency,x,0.2,2.95,0
BB_02,151,154,bbox_spatial_adjacency,x,0.2,2.95,1
BB_02,152,155,bbox_spatial_adjacency,x,0.2,2.95,2
BB_02,153,156,bbox_spatial_adjacency,x,0.2,1.65,0
BB_02,153,159,bbox_spatial_adjacency,x,0.2,2.95,0
BB_02,153,363,bbox_spatial_adjacency,y,0.2,0.8424,0
BB_02,154,157,bbox_spatial_adjacency,x,0.2,1.65,1
BB_02,154,160,bbox_spatial_adjacency,x,0.2,2.95,1
BB_02,154,365,bbox_spatial_adjacency,y,0.2,0.8424,1
BB_02,155,158,bbox_spatial_adjacency,x,0.2,1.65,2
BB_02,155,161,bbox_spatial_adjacency,x,0.2,2.95,2
BB_02,155,368,bbox_spatial_adjacency,y,0.2,0.8424,2
BB_02,156,159,bbox_spatial_adjacency,y,0.2,2.3061,0
BB_02,156,363,bbox_spatial_adjacency,y,0.2,2.3061,0
BB_02,157,160,bbox_spatial_adjacency,y,0.2,2.3061,1
BB_02,157,365,bbox_spatial_adjacency,y,0.2,2.3061,1
BB_02,158,161,bbox_spatial_adjacency,y,0.2,2.3061,2
BB_02,158,368,bbox_spatial_adjacency,y,0.2,2.3061,2
BB_02,162,165,bbox_spatial_adjacency,y,0.2,1.8848,0
BB_02,162,168,bbox_spatial_adjacency,x,0.2,1.65,0
BB_02,162,363,bbox_spatial_adjacency,y,0.2,1.8848,0
BB_02,163,166,bbox_spatial_adjacency,y,0.2,1.8848,1
BB_02,163,169,bbox_spatial_adjacency,x,0.2,1.65,1
BB_02,163,365,bbox_spatial_adjacency,y,0.2,1.8848,1
BB_02,164,167,bbox_spatial_adjacency,y,0.2,1.8848,2
BB_02,164,170,bbox_spatial_adjacency,x,0.2,1.65,2
BB_02,164,368,bbox_spatial_adjacency,y,0.2,1.8848,2
BB_02,165,168,bbox_spatial_adjacency,x,0.2,2.95,0
BB_02,166,169,bbox_spatial_adjacency,x,0.2,2.95,1
BB_02,167,170,bbox_spatial_adjacency,x,0.2,2.95,2
BB_02,168,171,bbox_spatial_adjacency,x,0.2,0.74,0
BB_02,168,174,bbox_spatial_adjacency,x,0.2,1.88,0
BB_02,168,177,bbox_spatial_adjacency,x,0.2,1.78,0
BB_02,168,363,bbox_spatial_adjacency,y,0.2,0.8424,0
BB_02,169,172,bbox_spatial_adjacency,x,0.2,0.74,1
BB_02,169,175,bbox_spatial_adjacency,x,0.2,1.88,1
BB_02,169,178,bbox_spatial_adjacency,x,0.2,1.78,1
BB_02,169,365,bbox_spatial_adjacency,y,0.2,0.8424,1
BB_02,170,173,bbox_spatial_adjacency,x,0.2,0.74,2
BB_02,170,176,bbox_spatial_adjacency,x,0.2,1.88,2
BB_02,170,179,bbox_spatial_adjacency,x,0.2,1.78,2
BB_02,170,368,bbox_spatial_adjacency,y,0.2,0.8424,2
BB_02,171,174,bbox_spatial_adjacency,y,0.2,2.3061,0
BB_02,171,363,bbox_spatial_adjacency,y,0.2,2.3061,0
BB_02,172,175,bbox_spatial_adjacency,y,0.2,2.3061,1
BB_02,172,365,bbox_spatial_adjacency,y,0.2,2.3061,1
BB_02,173,176,bbox_spatial_adjacency,y,0.2,2.3061,2
BB_02,173,368,bbox_spatial_adjacency,y,0.2,2.3061,2
BB_02,174,177,bbox_spatial_adjacency,y,0.2,2.3061,0
BB_02,175,178,bbox_spatial_adjacency,y,0.2,2.3061,1
BB_02,176,179,bbox_spatial_adjacency,y,0.2,2.3061,2
BB_02,180,183,bbox_spatial_adjacency,y,0.2,1.7848,0
BB_02,180,186,bbox_spatial_adjacency,x,0.2,1.65,0
BB_02,180,371,bbox_spatial_adjacency,y,0.2,1.7848,0
BB_02,181,184,bbox_spatial_adjacency,y,0.2,1.7848,1
BB_02,181,187,bbox_spatial_adjacency,x,0.2,1.65,1
BB_02,181,373,bbox_spatial_adjacency,y,0.2,1.7848,1
BB_02,182,185,bbox_spatial_adjacency,y,0.2,1.7848,2
BB_02,182,188,bbox_spatial_adjacency,x,0.2,1.65,2
BB_02,182,376,bbox_spatial_adjacency,y,0.2,1.7848,2
BB_02,183,186,bbox_spatial_adjacency,x,0.2,2.95,0
BB_02,184,187,bbox_spatial_adjacency,x,0.2,2.95,1
BB_02,185,188,bbox_spatial_adjacency,x,0.2,2.95,2
BB_02,186,189,bbox_spatial_adjacency,x,0.2,0.74,0
BB_02,186,192,bbox_spatial_adjacency,x,0.2,1.88,0
BB_02,186,195,bbox_spatial_adjacency,x,0.2,1.78,0
BB_02,186,371,bbox_spatial_adjacency,y,0.2,0.8424,0
BB_02,187,190,bbox_spatial_adjacency,x,0.2,0.74,1
BB_02,187,193,bbox_spatial_adjacency,x,0.2,1.88,1
BB_02,187,196,bbox_spatial_adjacency,x,0.2,1.78,1
BB_02,187,373,bbox_spatial_adjacency,y,0.2,0.8424,1
BB_02,188,191,bbox_spatial_adjacency,x,0.2,0.74,2
BB_02,188,194,bbox_spatial_adjacency,x,0.2,1.88,2
BB_02,188,197,bbox_spatial_adjacency,x,0.2,1.78,2
BB_02,188,376,bbox_spatial_adjacency,y,0.2,0.8424,2
BB_02,189,192,bbox_spatial_adjacency,y,0.2,2.4061,0
BB_02,189,210,bbox_spatial_adjacency,x,0.2,0.74,0
BB_02,189,371,bbox_spatial_adjacency,y,0.2,2.4061,0
BB_02,190,193,bbox_spatial_adjacency,y,0.2,2.4061,1
BB_02,190,211,bbox_spatial_adjacency,x,0.2,0.74,1
BB_02,190,373,bbox_spatial_adjacency,y,0.2,2.4061,1
BB_02,191,194,bbox_spatial_adjacency,y,0.2,2.4061,2
BB_02,191,212,bbox_spatial_adjacency,x,0.2,0.74,2
BB_02,191,376,bbox_spatial_adjacency,y,0.2,2.4061,2
BB_02,192,195,bbox_spatial_adjacency,y,0.2,2.4061,0
BB_02,192,210,bbox_spatial_adjacency,x,0.2,0.9886,0
BB_02,192,213,bbox_spatial_adjacency,x,0.2,0.6914,0
BB_02,193,196,bbox_spatial_adjacency,y,0.2,2.4061,1
BB_02,193,211,bbox_spatial_adjacency,x,0.2,0.9886,1
BB_02,193,214,bbox_spatial_adjacency,x,0.2,0.6914,1
BB_02,194,197,bbox_spatial_adjacency,y,0.2,2.4061,2
BB_02,194,212,bbox_spatial_adjacency,x,0.2,0.9886,2
BB_02,194,215,bbox_spatial_adjacency,x,0.2,0.6914,2
BB_02,195,213,bbox_spatial_adjacency,x,0.2,1.78,0
BB_02,196,214,bbox_spatial_adjacency,x,0.2,1.78,1
BB_02,197,215,bbox_spatial_adjacency,x,0.2,1.78,2
BB_02,198,201,bbox_spatial_adjacency,y,0.2,1.2926,0
BB_02,198,204,bbox_spatial_adjacency,x,0.2,1.9286,0
BB_02,198,371,bbox_spatial_adjacency,y,0.2,1.2926,0
BB_02,199,202,bbox_spatial_adjacency,y,0.2,1.2926,1
BB_02,199,205,bbox_spatial_adjacency,x,0.2,1.9286,1
BB_02,199,373,bbox_spatial_adjacency,y,0.2,1.2926,1
BB_02,200,203,bbox_spatial_adjacency,y,0.2,1.2926,2
BB_02,200,206,bbox_spatial_adjacency,x,0.2,1.9286,2
BB_02,200,376,bbox_spatial_adjacency,y,0.2,1.2926,2
BB_02,201,204,bbox_spatial_adjacency,x,0.2,2.6714,0
BB_02,202,205,bbox_spatial_adjacency,x,0.2,2.6714,1
BB_02,203,206,bbox_spatial_adjacency,x,0.2,2.6714,2
BB_02,204,207,bbox_spatial_adjacency,x,0.2,4.8,0
BB_02,204,371,bbox_spatial_adjacency,y,0.2,0.7556,0
BB_02,205,208,bbox_spatial_adjacency,x,0.2,4.8,1
BB_02,205,373,bbox_spatial_adjacency,y,0.2,0.7556,1
BB_02,206,209,bbox_spatial_adjacency,x,0.2,4.8,2
BB_02,206,376,bbox_spatial_adjacency,y,0.2,0.7556,2
BB_02,207,222,bbox_spatial_adjacency,x,0.2,1.65,0
BB_02,207,225,bbox_spatial_adjacency,x,0.2,2.95,0
BB_02,207,371,bbox_spatial_adjacency,y,0.2,2.9852,0
BB_02,208,223,bbox_spatial_adjacency,x,0.2,1.65,1
BB_02,208,226,bbox_spatial_adjacency,x,0.2,2.95,1
BB_02,208,373,bbox_spatial_adjacency,y,0.2,2.9852,1
BB_02,209,224,bbox_spatial_adjacency,x,0.2,1.65,2
BB_02,209,227,bbox_spatial_adjacency,x,0.2,2.95,2
BB_02,209,376,bbox_spatial_adjacency,y,0.2,2.9852,2
BB_02,210,213,bbox_spatial_adjacency,y,0.2,1.3926,0
BB_02,210,216,bbox_spatial_adjacency,x,0.2,1.9286,0
BB_02,210,371,bbox_spatial_adjacency,y,0.2,1.3926,0
BB_02,211,214,bbox_spatial_adjacency,y,0.2,1.3926,1
BB_02,211,217,bbox_spatial_adjacency,x,0.2,1.9286,1
BB_02,211,373,bbox_spatial_adjacency,y,0.2,1.3926,1
BB_02,212,215,bbox_spatial_adjacency,y,0.2,1.3926,2
BB_02,212,218,bbox_spatial_adjacency,x,0.2,1.9286,2
BB_02,212,376,bbox_spatial_adjacency,y,0.2,1.3926,2
BB_02,213,216,bbox_spatial_adjacency,x,0.2,2.6714,0
BB_02,214,217,bbox_spatial_adjacency,x,0.2,2.6714,1
BB_02,215,218,bbox_spatial_adjacency,x,0.2,2.6714,2
BB_02,216,219,bbox_spatial_adjacency,x,0.2,4.8,0
BB_02,216,371,bbox_spatial_adjacency,y,0.2,0.7556,0
BB_02,217,220,bbox_spatial_adjacency,x,0.2,4.8,1
BB_02,217,373,bbox_spatial_adjacency,y,0.2,0.7556,1
BB_02,218,221,bbox_spatial_adjacency,x,0.2,4.8,2
BB_02,218,376,bbox_spatial_adjacency,y,0.2,0.7556,2
BB_02,219,237,bbox_spatial_adjacency,x,0.2,1.65,0
BB_02,219,240,bbox_spatial_adjacency,x,0.2,2.95,0
BB_02,219,371,bbox_spatial_adjacency,y,0.2,2.9852,0
BB_02,220,238,bbox_spatial_adjacency,x,0.2,1.65,1
BB_02,220,241,bbox_spatial_adjacency,x,0.2,2.95,1
BB_02,220,373,bbox_spatial_adjacency,y,0.2,2.9852,1
BB_02,221,239,bbox_spatial_adjacency,x,0.2,1.65,2
BB_02,221,242,bbox_spatial_adjacency,x,0.2,2.95,2
BB_02,221,376,bbox_spatial_adjacency,y,0.2,2.9852,2
BB_02,222,225,bbox_spatial_adjacency,y,0.2,1.8848,0
BB_02,222,228,bbox_spatial_adjacency,x,0.2,1.65,0
BB_02,222,371,bbox_spatial_adjacency,y,0.2,1.8848,0
BB_02,223,226,bbox_spatial_adjacency,y,0.2,1.8848,1
BB_02,223,229,bbox_spatial_adjacency,x,0.2,1.65,1
BB_02,223,373,bbox_spatial_adjacency,y,0.2,1.8848,1
BB_02,224,227,bbox_spatial_adjacency,y,0.2,1.8848,2
BB_02,224,230,bbox_spatial_adjacency,x,0.2,1.65,2
BB_02,224,376,bbox_spatial_adjacency,y,0.2,1.8848,2
BB_02,225,228,bbox_spatial_adjacency,x,0.2,2.95,0
BB_02,226,229,bbox_spatial_adjacency,x,0.2,2.95,1
BB_02,227,230,bbox_spatial_adjacency,x,0.2,2.95,2
BB_02,228,231,bbox_spatial_adjacency,x,0.2,1.65,0
BB_02,228,234,bbox_spatial_adjacency,x,0.2,2.95,0
BB_02,228,371,bbox_spatial_adjacency,y,0.2,0.8424,0
BB_02,229,232,bbox_spatial_adjacency,x,0.2,1.65,1
BB_02,229,235,bbox_spatial_adjacency,x,0.2,2.95,1
BB_02,229,373,bbox_spatial_adjacency,y,0.2,0.8424,1
BB_02,230,233,bbox_spatial_adjacency,x,0.2,1.65,2
BB_02,230,236,bbox_spatial_adjacency,x,0.2,2.95,2
BB_02,230,376,bbox_spatial_adjacency,y,0.2,0.8424,2
BB_02,231,234,bbox_spatial_adjacency,y,0.2,2.4061,0
BB_02,231,252,bbox_spatial_adjacency,x,0.2,1.65,0
BB_02,231,371,bbox_spatial_adjacency,y,0.2,2.4061,0
BB_02,232,235,bbox_spatial_adjacency,y,0.2,2.4061,1
BB_02,232,253,bbox_spatial_adjacency,x,0.2,1.65,1
BB_02,232,373,bbox_spatial_adjacency,y,0.2,2.4061,1
BB_02,233,236,bbox_spatial_adjacency,y,0.2,2.4061,2
BB_02,233,254,bbox_spatial_adjacency,x,0.2,1.65,2
BB_02,233,376,bbox_spatial_adjacency,y,0.2,2.4061,2
BB_02,234,255,bbox_spatial_adjacency,x,0.2,2.95,0
BB_02,235,256,bbox_spatial_adjacency,x,0.2,2.95,1
BB_02,236,257,bbox_spatial_adjacency,x,0.2,2.95,2
BB_02,237,240,bbox_spatial_adjacency,y,0.2,1.8848,0
BB_02,237,243,bbox_spatial_adjacency,x,0.2,1.65,0
BB_02,237,371,bbox_spatial_adjacency,y,0.2,1.8848,0
BB_02,238,241,bbox_spatial_adjacency,y,0.2,1.8848,1
BB_02,238,244,bbox_spatial_adjacency,x,0.2,1.65,1
BB_02,238,373,bbox_spatial_adjacency,y,0.2,1.8848,1
BB_02,239,242,bbox_spatial_adjacency,y,0.2,1.8848,2
BB_02,239,245,bbox_spatial_adjacency,x,0.2,1.65,2
BB_02,239,376,bbox_spatial_adjacency,y,0.2,1.8848,2
BB_02,240,243,bbox_spatial_adjacency,x,0.2,2.95,0
BB_02,241,244,bbox_spatial_adjacency,x,0.2,2.95,1
BB_02,242,245,bbox_spatial_adjacency,x,0.2,2.95,2
BB_02,243,246,bbox_spatial_adjacency,x,0.2,1.65,0
BB_02,243,249,bbox_spatial_adjacency,x,0.2,2.95,0
BB_02,243,371,bbox_spatial_adjacency,y,0.2,0.8424,0
BB_02,244,247,bbox_spatial_adjacency,x,0.2,1.65,1
BB_02,244,250,bbox_spatial_adjacency,x,0.2,2.95,1
BB_02,244,373,bbox_spatial_adjacency,y,0.2,0.8424,1
BB_02,245,248,bbox_spatial_adjacency,x,0.2,1.65,2
BB_02,245,251,bbox_spatial_adjacency,x,0.2,2.95,2
BB_02,245,376,bbox_spatial_adjacency,y,0.2,0.8424,2
BB_02,246,249,bbox_spatial_adjacency,y,0.2,2.4061,0
BB_02,246,369,bbox_spatial_adjacency,x,0.1,1.65,0
BB_02,246,371,bbox_spatial_adjacency,y,0.2,2.4061,0
BB_02,247,250,bbox_spatial_adjacency,y,0.2,2.4061,1
BB_02,247,370,bbox_spatial_adjacency,x,0.1,1.65,1
BB_02,247,373,bbox_spatial_adjacency,y,0.2,2.4061,1
BB_02,248,251,bbox_spatial_adjacency,y,0.2,2.4061,2
BB_02,248,375,bbox_spatial_adjacency,x,0.1,1.65,2
BB_02,248,376,bbox_spatial_adjacency,y,0.2,2.4061,2
BB_02,249,369,bbox_spatial_adjacency,x,0.1,2.95,0
BB_02,249,378,bbox_spatial_adjacency,y,0.2,2.4061,0
BB_02,250,370,bbox_spatial_adjacency,x,0.1,2.95,1
BB_02,250,379,bbox_spatial_adjacency,y,0.2,2.4061,1
BB_02,251,375,bbox_spatial_adjacency,x,0.1,2.95,2
BB_02,251,380,bbox_spatial_adjacency,y,0.2,2.4061,2
BB_02,252,255,bbox_spatial_adjacency,y,0.2,1.8848,0
BB_02,252,258,bbox_spatial_adjacency,x,0.2,1.65,0
BB_02,252,371,bbox_spatial_adjacency,y,0.2,1.8848,0
BB_02,253,256,bbox_spatial_adjacency,y,0.2,1.8848,1
BB_02,253,259,bbox_spatial_adjacency,x,0.2,1.65,1
BB_02,253,373,bbox_spatial_adjacency,y,0.2,1.8848,1
BB_02,254,257,bbox_spatial_adjacency,y,0.2,1.8848,2
BB_02,254,260,bbox_spatial_adjacency,x,0.2,1.65,2
BB_02,254,376,bbox_spatial_adjacency,y,0.2,1.8848,2
BB_02,255,258,bbox_spatial_adjacency,x,0.2,2.95,0
BB_02,256,259,bbox_spatial_adjacency,x,0.2,2.95,1
BB_02,257,260,bbox_spatial_adjacency,x,0.2,2.95,2
BB_02,258,261,bbox_spatial_adjacency,x,0.2,0.74,0
BB_02,258,264,bbox_spatial_adjacency,x,0.2,1.88,0
BB_02,258,267,bbox_spatial_adjacency,x,0.2,1.78,0
BB_02,258,371,bbox_spatial_adjacency,y,0.2,0.8424,0
BB_02,259,262,bbox_spatial_adjacency,x,0.2,0.74,1
BB_02,259,265,bbox_spatial_adjacency,x,0.2,1.88,1
BB_02,259,268,bbox_spatial_adjacency,x,0.2,1.78,1
BB_02,259,373,bbox_spatial_adjacency,y,0.2,0.8424,1
BB_02,260,263,bbox_spatial_adjacency,x,0.2,0.74,2
BB_02,260,266,bbox_spatial_adjacency,x,0.2,1.88,2
BB_02,260,269,bbox_spatial_adjacency,x,0.2,1.78,2
BB_02,260,376,bbox_spatial_adjacency,y,0.2,0.8424,2
BB_02,261,264,bbox_spatial_adjacency,y,0.2,2.4061,0
BB_02,261,369,bbox_spatial_adjacency,x,0.1,0.74,0
BB_02,261,371,bbox_spatial_adjacency,y,0.2,2.4061,0
BB_02,262,265,bbox_spatial_adjacency,y,0.2,2.4061,1
BB_02,262,370,bbox_spatial_adjacency,x,0.1,0.74,1
BB_02,262,373,bbox_spatial_adjacency,y,0.2,2.4061,1
BB_02,263,266,bbox_spatial_adjacency,y,0.2,2.4061,2
BB_02,263,375,bbox_spatial_adjacency,x,0.1,0.74,2
BB_02,263,376,bbox_spatial_adjacency,y,0.2,2.4061,2
BB_02,264,267,bbox_spatial_adjacency,y,0.2,2.4061,0
BB_02,264,369,bbox_spatial_adjacency,x,0.1,1.88,0
BB_02,265,268,bbox_spatial_adjacency,y,0.2,2.4061,1
BB_02,265,370,bbox_spatial_adjacency,x,0.1,1.88,1
BB_02,266,269,bbox_spatial_adjacency,y,0.2,2.4061,2
BB_02,266,375,bbox_spatial_adjacency,x,0.1,1.88,2
BB_02,267,369,bbox_spatial_adjacency,x,0.1,1.78,0
BB_02,268,370,bbox_spatial_adjacency,x,0.1,1.78,1
BB_02,269,375,bbox_spatial_adjacency,x,0.1,1.78,2
BB_02,270,273,bbox_spatial_adjacency,y,0.2,1.8848,0
BB_02,270,276,bbox_spatial_adjacency,x,0.2,1.65,0
BB_02,270,369,bbox_spatial_adjacency,x,0.1,1.65,0
BB_02,270,372,bbox_spatial_adjacency,y,0.2,1.8848,0
BB_02,271,274,bbox_spatial_adjacency,y,0.2,1.8848,1
BB_02,271,277,bbox_spatial_adjacency,x,0.2,1.65,1
BB_02,271,370,bbox_spatial_adjacency,x,0.1,1.65,1
BB_02,271,374,bbox_spatial_adjacency,y,0.2,1.8848,1
BB_02,272,275,bbox_spatial_adjacency,y,0.2,1.8848,2
BB_02,272,278,bbox_spatial_adjacency,x,0.2,1.65,2
BB_02,272,375,bbox_spatial_adjacency,x,0.1,1.65,2
BB_02,272,377,bbox_spatial_adjacency,y,0.2,1.8848,2
BB_02,273,276,bbox_spatial_adjacency,x,0.2,2.95,0
BB_02,273,369,bbox_spatial_adjacency,x,0.1,2.95,0
BB_02,273,378,bbox_spatial_adjacency,y,0.2,1.8848,0
BB_02,274,277,bbox_spatial_adjacency,x,0.2,2.95,1
BB_02,274,370,bbox_spatial_adjacency,x,0.1,2.95,1
BB_02,274,379,bbox_spatial_adjacency,y,0.2,1.8848,1
BB_02,275,278,bbox_spatial_adjacency,x,0.2,2.95,2
BB_02,275,375,bbox_spatial_adjacency,x,0.1,2.95,2
BB_02,275,380,bbox_spatial_adjacency,y,0.2,1.8848,2
BB_02,276,279,bbox_spatial_adjacency,x,0.2,0.74,0
BB_02,276,282,bbox_spatial_adjacency,x,0.2,1.88,0
BB_02,276,285,bbox_spatial_adjacency,x,0.2,1.78,0
BB_02,276,372,bbox_spatial_adjacency,y,0.2,0.8424,0
BB_02,276,378,bbox_spatial_adjacency,y,0.2,0.5152,0
BB_02,277,280,bbox_spatial_adjacency,x,0.2,0.74,1
BB_02,277,283,bbox_spatial_adjacency,x,0.2,1.88,1
BB_02,277,286,bbox_spatial_adjacency,x,0.2,1.78,1
BB_02,277,374,bbox_spatial_adjacency,y,0.2,0.8424,1
BB_02,277,379,bbox_spatial_adjacency,y,0.2,0.5152,1
BB_02,278,281,bbox_spatial_adjacency,x,0.2,0.74,2
BB_02,278,284,bbox_spatial_adjacency,x,0.2,1.88,2
BB_02,278,287,bbox_spatial_adjacency,x,0.2,1.78,2
BB_02,278,377,bbox_spatial_adjacency,y,0.2,0.8424,2
BB_02,278,380,bbox_spatial_adjacency,y,0.2,0.5152,2
BB_02,279,282,bbox_spatial_adjacency,y,0.2,2.4061,0
BB_02,279,300,bbox_spatial_adjacency,x,0.2,0.74,0
BB_02,279,372,bbox_spatial_adjacency,y,0.2,2.4061,0
BB_02,280,283,bbox_spatial_adjacency,y,0.2,2.4061,1
BB_02,280,301,bbox_spatial_adjacency,x,0.2,0.74,1
BB_02,280,374,bbox_spatial_adjacency,y,0.2,2.4061,1
BB_02,281,284,bbox_spatial_adjacency,y,0.2,2.4061,2
BB_02,281,302,bbox_spatial_adjacency,x,0.2,0.74,2
BB_02,281,377,bbox_spatial_adjacency,y,0.2,2.4061,2
BB_02,282,285,bbox_spatial_adjacency,y,0.2,2.4061,0
BB_02,282,300,bbox_spatial_adjacency,x,0.2,0.9886,0
BB_02,282,303,bbox_spatial_adjacency,x,0.2,0.6914,0
BB_02,283,286,bbox_spatial_adjacency,y,0.2,2.4061,1
BB_02,283,301,bbox_spatial_adjacency,x,0.2,0.9886,1
BB_02,283,304,bbox_spatial_adjacency,x,0.2,0.6914,1
BB_02,284,287,bbox_spatial_adjacency,y,0.2,2.4061,2
BB_02,284,302,bbox_spatial_adjacency,x,0.2,0.9886,2
BB_02,284,305,bbox_spatial_adjacency,x,0.2,0.6914,2
BB_02,285,303,bbox_spatial_adjacency,x,0.2,1.78,0
BB_02,286,304,bbox_spatial_adjacency,x,0.2,1.78,1
BB_02,287,305,bbox_spatial_adjacency,x,0.2,1.78,2
BB_02,288,291,bbox_spatial_adjacency,y,0.2,1.3926,0
BB_02,288,294,bbox_spatial_adjacency,x,0.2,1.9286,0
BB_02,288,369,bbox_spatial_adjacency,x,0.1,1.9286,0
BB_02,288,372,bbox_spatial_adjacency,y,0.2,1.3926,0
BB_02,289,292,bbox_spatial_adjacency,y,0.2,1.3926,1
BB_02,289,295,bbox_spatial_adjacency,x,0.2,1.9286,1
BB_02,289,370,bbox_spatial_adjacency,x,0.1,1.9286,1
BB_02,289,374,bbox_spatial_adjacency,y,0.2,1.3926,1
BB_02,290,293,bbox_spatial_adjacency,y,0.2,1.3926,2
BB_02,290,296,bbox_spatial_adjacency,x,0.2,1.9286,2
BB_02,290,375,bbox_spatial_adjacency,x,0.1,1.9286,2
BB_02,290,377,bbox_spatial_adjacency,y,0.2,1.3926,2
BB_02,291,294,bbox_spatial_adjacency,x,0.2,2.6714,0
BB_02,291,369,bbox_spatial_adjacency,x,0.1,2.6714,0
BB_02,292,295,bbox_spatial_adjacency,x,0.2,2.6714,1
BB_02,292,370,bbox_spatial_adjacency,x,0.1,2.6714,1
BB_02,293,296,bbox_spatial_adjacency,x,0.2,2.6714,2
BB_02,293,375,bbox_spatial_adjacency,x,0.1,2.6714,2
BB_02,294,297,bbox_spatial_adjacency,x,0.2,4.8,0
BB_02,294,372,bbox_spatial_adjacency,y,0.2,0.7556,0
BB_02,295,298,bbox_spatial_adjacency,x,0.2,4.8,1
BB_02,295,374,bbox_spatial_adjacency,y,0.2,0.7556,1
BB_02,296,299,bbox_spatial_adjacency,x,0.2,4.8,2
BB_02,296,377,bbox_spatial_adjacency,y,0.2,0.7556,2
BB_02,297,312,bbox_spatial_adjacency,x,0.2,1.65,0
BB_02,297,315,bbox_spatial_adjacency,x,0.2,2.95,0
BB_02,297,372,bbox_spatial_adjacency,y,0.2,2.9852,0
BB_02,298,313,bbox_spatial_adjacency,x,0.2,1.65,1
BB_02,298,316,bbox_spatial_adjacency,x,0.2,2.95,1
BB_02,298,374,bbox_spatial_adjacency,y,0.2,2.9852,1
BB_02,299,314,bbox_spatial_adjacency,x,0.2,1.65,2
BB_02,299,317,bbox_spatial_adjacency,x,0.2,2.95,2
BB_02,299,377,bbox_spatial_adjacency,y,0.2,2.9852,2
BB_02,300,303,bbox_spatial_adjacency,y,0.2,1.3926,0
BB_02,300,306,bbox_spatial_adjacency,x,0.2,1.9286,0
BB_02,300,372,bbox_spatial_adjacency,y,0.2,1.3926,0
BB_02,301,304,bbox_spatial_adjacency,y,0.2,1.3926,1
BB_02,301,307,bbox_spatial_adjacency,x,0.2,1.9286,1
BB_02,301,374,bbox_spatial_adjacency,y,0.2,1.3926,1
BB_02,302,305,bbox_spatial_adjacency,y,0.2,1.3926,2
BB_02,302,308,bbox_spatial_adjacency,x,0.2,1.9286,2
BB_02,302,377,bbox_spatial_adjacency,y,0.2,1.3926,2
BB_02,303,306,bbox_spatial_adjacency,x,0.2,2.6714,0
BB_02,304,307,bbox_spatial_adjacency,x,0.2,2.6714,1
BB_02,305,308,bbox_spatial_adjacency,x,0.2,2.6714,2
BB_02,306,309,bbox_spatial_adjacency,x,0.2,4.8,0
BB_02,306,372,bbox_spatial_adjacency,y,0.2,0.7556,0
BB_02,307,310,bbox_spatial_adjacency,x,0.2,4.8,1
BB_02,307,374,bbox_spatial_adjacency,y,0.2,0.7556,1
BB_02,308,311,bbox_spatial_adjacency,x,0.2,4.8,2
BB_02,308,377,bbox_spatial_adjacency,y,0.2,0.7556,2
BB_02,309,327,bbox_spatial_adjacency,x,0.2,1.65,0
BB_02,309,330,bbox_spatial_adjacency,x,0.2,2.95,0
BB_02,309,372,bbox_spatial_adjacency,y,0.2,2.9852,0
BB_02,310,328,bbox_spatial_adjacency,x,0.2,1.65,1
BB_02,310,331,bbox_spatial_adjacency,x,0.2,2.95,1
BB_02,310,374,bbox_spatial_adjacency,y,0.2,2.9852,1
BB_02,311,329,bbox_spatial_adjacency,x,0.2,1.65,2
BB_02,311,332,bbox_spatial_adjacency,x,0.2,2.95,2
BB_02,311,377,bbox_spatial_adjacency,y,0.2,2.9852,2
BB_02,312,315,bbox_spatial_adjacency,y,0.2,1.8849,0
BB_02,312,318,bbox_spatial_adjacency,x,0.2,1.65,0
BB_02,312,372,bbox_spatial_adjacency,y,0.2,1.8849,0
BB_02,313,316,bbox_spatial_adjacency,y,0.2,1.8849,1
BB_02,313,319,bbox_spatial_adjacency,x,0.2,1.65,1
BB_02,313,374,bbox_spatial_adjacency,y,0.2,1.8849,1
BB_02,314,317,bbox_spatial_adjacency,y,0.2,1.8849,2
BB_02,314,320,bbox_spatial_adjacency,x,0.2,1.65,2
BB_02,314,377,bbox_spatial_adjacency,y,0.2,1.8849,2
BB_02,315,318,bbox_spatial_adjacency,x,0.2,2.95,0
BB_02,316,319,bbox_spatial_adjacency,x,0.2,2.95,1
BB_02,317,320,bbox_spatial_adjacency,x,0.2,2.95,2
BB_02,318,321,bbox_spatial_adjacency,x,0.2,1.65,0
BB_02,318,324,bbox_spatial_adjacency,x,0.2,2.95,0
BB_02,318,372,bbox_spatial_adjacency,y,0.2,0.8424,0
BB_02,319,322,bbox_spatial_adjacency,x,0.2,1.65,1
BB_02,319,325,bbox_spatial_adjacency,x,0.2,2.95,1
BB_02,319,374,bbox_spatial_adjacency,y,0.2,0.8424,1
BB_02,320,323,bbox_spatial_adjacency,x,0.2,1.65,2
BB_02,320,326,bbox_spatial_adjacency,x,0.2,2.95,2
BB_02,320,377,bbox_spatial_adjacency,y,0.2,0.8424,2
BB_02,321,324,bbox_spatial_adjacency,y,0.2,2.4061,0
BB_02,321,342,bbox_spatial_adjacency,x,0.2,1.65,0
BB_02,321,372,bbox_spatial_adjacency,y,0.2,2.4061,0
BB_02,322,325,bbox_spatial_adjacency,y,0.2,2.4061,1
BB_02,322,343,bbox_spatial_adjacency,x,0.2,1.65,1
BB_02,322,374,bbox_spatial_adjacency,y,0.2,2.4061,1
BB_02,323,326,bbox_spatial_adjacency,y,0.2,2.4061,2
BB_02,323,344,bbox_spatial_adjacency,x,0.2,1.65,2
BB_02,323,377,bbox_spatial_adjacency,y,0.2,2.4061,2
BB_02,324,345,bbox_spatial_adjacency,x,0.2,2.95,0
BB_02,325,346,bbox_spatial_adjacency,x,0.2,2.95,1
BB_02,326,347,bbox_spatial_adjacency,x,0.2,2.95,2
BB_02,327,330,bbox_spatial_adjacency,y,0.2,1.8848,0
BB_02,327,333,bbox_spatial_adjacency,x,0.2,1.65,0
BB_02,327,372,bbox_spatial_adjacency,y,0.2,1.8848,0
BB_02,328,331,bbox_spatial_adjacency,y,0.2,1.8848,1
BB_02,328,334,bbox_spatial_adjacency,x,0.2,1.65,1
BB_02,328,374,bbox_spatial_adjacency,y,0.2,1.8848,1
BB_02,329,332,bbox_spatial_adjacency,y,0.2,1.8848,2
BB_02,329,335,bbox_spatial_adjacency,x,0.2,1.65,2
BB_02,329,377,bbox_spatial_adjacency,y,0.2,1.8848,2
BB_02,330,333,bbox_spatial_adjacency,x,0.2,2.95,0
BB_02,331,334,bbox_spatial_adjacency,x,0.2,2.95,1
BB_02,332,335,bbox_spatial_adjacency,x,0.2,2.95,2
BB_02,333,336,bbox_spatial_adjacency,x,0.2,1.65,0
BB_02,333,339,bbox_spatial_adjacency,x,0.2,2.95,0
BB_02,333,372,bbox_spatial_adjacency,y,0.2,0.8424,0
BB_02,334,337,bbox_spatial_adjacency,x,0.2,1.65,1
BB_02,334,340,bbox_spatial_adjacency,x,0.2,2.95,1
BB_02,334,374,bbox_spatial_adjacency,y,0.2,0.8424,1
BB_02,335,338,bbox_spatial_adjacency,x,0.2,1.65,2
BB_02,335,341,bbox_spatial_adjacency,x,0.2,2.95,2
BB_02,335,377,bbox_spatial_adjacency,y,0.2,0.8424,2
BB_02,336,339,bbox_spatial_adjacency,y,0.2,2.3061,0
BB_02,336,372,bbox_spatial_adjacency,y,0.2,2.3061,0
BB_02,337,340,bbox_spatial_adjacency,y,0.2,2.3061,1
BB_02,337,374,bbox_spatial_adjacency,y,0.2,2.3061,1
BB_02,338,341,bbox_spatial_adjacency,y,0.2,2.3061,2
BB_02,338,377,bbox_spatial_adjacency,y,0.2,2.3061,2
BB_02,342,345,bbox_spatial_adjacency,y,0.2,1.8848,0
BB_02,342,348,bbox_spatial_adjacency,x,0.2,1.65,0
BB_02,342,372,bbox_spatial_adjacency,y,0.2,1.8848,0
BB_02,343,346,bbox_spatial_adjacency,y,0.2,1.8848,1
BB_02,343,349,bbox_spatial_adjacency,x,0.2,1.65,1
BB_02,343,374,bbox_spatial_adjacency,y,0.2,1.8848,1
BB_02,344,347,bbox_spatial_adjacency,y,0.2,1.8848,2
BB_02,344,350,bbox_spatial_adjacency,x,0.2,1.65,2
BB_02,344,377,bbox_spatial_adjacency,y,0.2,1.8848,2
BB_02,345,348,bbox_spatial_adjacency,x,0.2,2.95,0
BB_02,346,349,bbox_spatial_adjacency,x,0.2,2.95,1
BB_02,347,350,bbox_spatial_adjacency,x,0.2,2.95,2
BB_02,348,351,bbox_spatial_adjacency,x,0.2,0.74,0
BB_02,348,354,bbox_spatial_adjacency,x,0.2,1.88,0
BB_02,348,357,bbox_spatial_adjacency,x,0.2,1.78,0
BB_02,348,372,bbox_spatial_adjacency,y,0.2,0.8424,0
BB_02,349,352,bbox_spatial_adjacency,x,0.2,0.74,1
BB_02,349,355,bbox_spatial_adjacency,x,0.2,1.88,1
BB_02,349,358,bbox_spatial_adjacency,x,0.2,1.78,1
BB_02,349,374,bbox_spatial_adjacency,y,0.2,0.8424,1
BB_02,350,353,bbox_spatial_adjacency,x,0.2,0.74,2
BB_02,350,356,bbox_spatial_adjacency,x,0.2,1.88,2
BB_02,350,359,bbox_spatial_adjacency,x,0.2,1.78,2
BB_02,350,377,bbox_spatial_adjacency,y,0.2,0.8424,2
BB_02,351,354,bbox_spatial_adjacency,y,0.2,2.3061,0
BB_02,351,372,bbox_spatial_adjacency,y,0.2,2.3061,0
BB_02,352,355,bbox_spatial_adjacency,y,0.2,2.3061,1
BB_02,352,374,bbox_spatial_adjacency,y,0.2,2.3061,1
BB_02,353,356,bbox_spatial_adjacency,y,0.2,2.3061,2
BB_02,353,377,bbox_spatial_adjacency,y,0.2,2.3061,2
BB_02,354,357,bbox_spatial_adjacency,y,0.2,2.3061,0
BB_02,355,358,bbox_spatial_adjacency,y,0.2,2.3061,1
BB_02,356,359,bbox_spatial_adjacency,y,0.2,2.3061,2
BB_02,360,362,bbox_spatial_adjacency,x,0.0,1.6,0
BB_02,360,363,bbox_spatial_adjacency,x,0.0,1.6,0
BB_02,360,378,bbox_spatial_adjacency,y,0.0,1.6,0
BB_02,361,364,bbox_spatial_adjacency,x,0.0,1.6,1
BB_02,361,365,bbox_spatial_adjacency,x,0.0,1.6,1
BB_02,361,379,bbox_spatial_adjacency,y,0.0,1.6,1
BB_02,366,367,bbox_spatial_adjacency,x,0.0,1.6,2
BB_02,366,368,bbox_spatial_adjacency,x,0.0,1.6,2
BB_02,366,380,bbox_spatial_adjacency,y,0.0,1.6,2
BB_02,369,371,bbox_spatial_adjacency,x,0.0,1.6,0
BB_02,369,372,bbox_spatial_adjacency,x,0.0,1.6,0
BB_02,369,378,bbox_spatial_adjacency,y,0.0,1.6,0
BB_02,370,373,bbox_spatial_adjacency,x,0.0,1.6,1
BB_02,370,374,bbox_spatial_adjacency,x,0.0,1.6,1
BB_02,370,379,bbox_spatial_adjacency,y,0.0,1.6,1
BB_02,375,376,bbox_spatial_adjacency,x,0.0,1.6,2
BB_02,375,377,bbox_spatial_adjacency,x,0.0,1.6,2
BB_02,375,380,bbox_spatial_adjacency,y,0.0,1.6,2
